chemsys,molarity__Formic Acid (M),prepare__Formic Acid,prepare_FinalVolume (mL)
Formic_Acid,26.504453617206167,5.86 milliliter,5.86
Formic_Acid,26.504453617206167,4.75 milliliter,4.75
Formic_Acid,26.504453617206167,8.0 milliliter,8.0
Formic_Acid,26.504453617206167,5.12 milliliter,5.12
Formic_Acid,26.50445361720617,3.84 milliliter,3.8400000000000003
Formic_Acid,26.504453617206167,4.0 milliliter,4.0
Formic_Acid,26.50445361720617,5.0 milliliter,5.0
Formic_Acid,26.50445361720617,6.0 milliliter,6.0
Formic_Acid,26.504453617206167,7.0 milliliter,7.0
Formic_Acid,26.504453617206167,1.0 milliliter,1.0
Formic_Acid,26.50445361720617,15.0 milliliter,15.0
Formic_Acid,26.504453617206174,0.6 milliliter,0.6
Formic_Acid,26.50445361720617,12.0 milliliter,12.0
Formic_Acid,26.50445361720617,10.0 milliliter,10.0
Formic_Acid,26.504453617206167,0.58 milliliter,0.58
Formic_Acid,26.504453617206167,0.08 milliliter,0.08
Formic_Acid,26.504453617206167,9.0 milliliter,9.000000000000002
Formic_Acid,26.504453617206167,0.5 milliliter,0.5
Formic_Acid,26.504453617206167,4.82 milliliter,4.82
Formic_Acid,26.504453617206167,4.86 milliliter,4.86
Formic_Acid,26.50445361720617,5.36 milliliter,5.36
Formic_Acid,26.504453617206163,7.22 milliliter,7.22
Formic_Acid,26.504453617206167,5.22 milliliter,5.22
Formic_Acid,26.504453617206167,5.7 milliliter,5.7
Formic_Acid,26.50445361720617,5.11 milliliter,5.110000000000001
Formic_Acid,26.504453617206167,5.32 milliliter,5.32
