chemsys,molarity__Lead Diiodide (M),prepare__Lead Diiodide,molarity__Morpholinium Iodide (M),prepare__Morpholinium Iodide,molarity__Dimethylformamide (M),prepare__Dimethylformamide,prepare_FinalVolume (mL)
Dimethylformamide__Lead_Diiodide__Morpholinium_Iodide,2.206851476427509,5.86 gram,2.769369473707146,3.43 gram,6.726075031133888,3.0 milliliter,5.759889666569537
Dimethylformamide__Lead_Diiodide__Morpholinium_Iodide,0.7858347116267789,0.8569 gram,0.8434700162072731,0.429 gram,10.919330837170218,2.0 milliliter,2.3653128350149237
Dimethylformamide__Lead_Diiodide__Morpholinium_Iodide,2.2600992204841597,10.27 gram,2.8360578212249203,6.011 gram,6.576968205389071,5.02 milliliter,9.856723912395251
Dimethylformamide__Lead_Diiodide__Morpholinium_Iodide,2.2592435419928916,10.06 gram,2.8359048455777454,5.89 gram,6.578019171810914,4.92 milliliter,9.658831397823944
Dimethylformamide__Lead_Diiodide__Morpholinium_Iodide,2.316956058294637,10.74 gram,2.904587411556059,6.28 gram,6.421677387281546,5.0 milliliter,10.05486254653881
Dimethylformamide__Lead_Diiodide__Morpholinium_Iodide,2.261151669730513,10.25 gram,2.8424418704536554,6.01 gram,6.566603540167268,5.0 milliliter,9.832949873152794
Dimethylformamide__Lead_Diiodide__Morpholinium_Iodide,2.236332076432235,10.03 gram,2.810761376879187,5.88 gram,6.636977230585176,5.0 milliliter,9.728688407996756
Dimethylformamide__Lead_Diiodide__Morpholinium_Iodide,2.2625170361640743,10.52 gram,2.8403255561593403,6.16 gram,6.5683826708786475,5.13 milliliter,10.08587394133983
Dimethylformamide__Lead_Diiodide__Morpholinium_Iodide,2.260730231477304,10.51 gram,2.840782795701442,6.16 gram,6.569440058218725,5.13 milliliter,10.084250564716454
Dimethylformamide__Lead_Diiodide__Morpholinium_Iodide,1.5013905887702328,6.857 gram,3.003413071586504,6.398 gram,7.065189090120977,5.42 milliliter,9.90672515117495
Dimethylformamide__Lead_Diiodide__Morpholinium_Iodide,2.2771969113248365,8.63 gram,2.8104940397227383,4.968 gram,6.597874403492871,4.2 milliliter,8.220530852640357
Dimethylformamide__Lead_Diiodide__Morpholinium_Iodide,2.2755017141591467,9.02 gram,2.807585232455185,5.191 gram,6.6037718158939365,4.397 milliliter,8.598427317994435
