chemsys,molarity__Dichloromethane (M),prepare__Dichloromethane,prepare_FinalVolume (mL)
Dichloromethane,15.659955257270694,27.0 milliliter,27.0
Dichloromethane,15.659955257270695,30.0 milliliter,30.0
Dichloromethane,15.659955257270694,20.0 milliliter,20.0
Dichloromethane,15.659955257270692,25.0 milliliter,25.0
Dichloromethane,15.65995525727069,26.0 milliliter,26.000000000000004
Dichloromethane,15.659955257270694,3.0 milliliter,3.0
Dichloromethane,15.659955257270694,5.0 milliliter,5.0
Dichloromethane,15.659955257270694,4.0 milliliter,4.0
Dichloromethane,15.659955257270692,29.0 milliliter,29.0
Dichloromethane,15.659955257270694,2.0 milliliter,2.0
Dichloromethane,15.65995525727069,4.5 milliliter,4.500000000000001
Dichloromethane,15.659955257270694,35.0 milliliter,35.0
Dichloromethane,15.659955257270694,24.4 milliliter,24.4
Dichloromethane,15.659955257270694,23.2 milliliter,23.2
Dichloromethane,15.659955257270692,25.2 milliliter,25.2
Dichloromethane,15.65995525727069,19.4 milliliter,19.400000000000002
Dichloromethane,15.65995525727069,18.4 milliliter,18.4
