chemsys,molarity__Morpholinium Iodide (M),prepare__Morpholinium Iodide,molarity__Dimethylformamide (M),prepare__Dimethylformamide,prepare_FinalVolume (mL)
Dimethylformamide__Morpholinium_Iodide,2.3133008269728657,2.36 gram,9.526685465849049,3.5 milliliter,4.744394949865648
Dimethylformamide__Morpholinium_Iodide,2.3615071083910957,4.57 gram,9.456101908768044,6.59 milliliter,8.999697000375429
Dimethylformamide__Morpholinium_Iodide,2.3597079213698904,4.78 gram,9.458736275412276,6.9 milliliter,9.420427059473644
Dimethylformamide__Morpholinium_Iodide,8.819716667037902,77447268.0 gram,2.2136055936937193e-06,7.0 milliliter,40836866.82207261
Dimethylformamide__Morpholinium_Iodide,2.2659563401071448,4.59 gram,9.596007184779516,7.0 milliliter,9.420242720289544
Dimethylformamide__Morpholinium_Iodide,2.338511782037784,4.79 gram,9.48977162737118,7.0 milliliter,9.5256999194307
Dimethylformamide__Morpholinium_Iodide,2.363237494534297,4.762 gram,9.453568280254963,6.86 milliliter,9.370935911550939
Dimethylformamide__Morpholinium_Iodide,2.3619683308634385,4.814 gram,9.455426587591097,6.94 milliliter,9.47835478332764
Dimethylformamide__Morpholinium_Iodide,2.361251155579174,3.557 gram,9.456476674449588,5.13 milliliter,7.0055562867254695
Dimethylformamide__Morpholinium_Iodide,2.3633515850852262,3.444 gram,9.453401229060036,4.961 milliliter,6.776972969210716
